,accuracy,precision,recall,f1
5,0.8848580441640379,0.9393939393939394,0.58125,0.7181467181467183
10,0.8848580441640379,0.9393939393939394,0.58125,0.7181467181467183
15,0.88801261829653,0.9494949494949495,0.5875,0.725868725868726
20,0.886435331230284,0.94,0.5875,0.7230769230769232
25,0.8832807570977917,0.9387755102040817,0.575,0.7131782945736435
30,0.8753943217665615,0.9175257731958762,0.55625,0.6926070038910506
35,0.8801261829652997,0.9375,0.5625,0.703125
40,0.8738170347003155,0.925531914893617,0.54375,0.68503937007874
45,0.8911671924290221,0.941747572815534,0.60625,0.7376425855513308
50,0.8832807570977917,0.9387755102040817,0.575,0.7131782945736435
55,0.8817034700315457,0.9473684210526315,0.5625,0.7058823529411765
60,0.8832807570977917,0.9387755102040817,0.575,0.7131782945736435
65,0.886435331230284,0.94,0.5875,0.7230769230769232
70,0.8817034700315457,0.9473684210526315,0.5625,0.7058823529411765
75,0.8738170347003155,0.925531914893617,0.54375,0.68503937007874
80,0.8738170347003155,0.8921568627450981,0.56875,0.6946564885496184
85,0.8738170347003155,0.9,0.5625,0.6923076923076923
90,0.8785488958990536,0.9108910891089109,0.575,0.7049808429118773
95,0.8706624605678234,0.8979591836734694,0.55,0.682170542635659
100,0.8785488958990536,0.9278350515463918,0.5625,0.7003891050583658
105,0.8659305993690851,0.9213483146067416,0.5125,0.6586345381526104
110,0.8753943217665615,0.9263157894736842,0.55,0.6901960784313725
115,0.8659305993690851,0.9213483146067416,0.5125,0.6586345381526104
120,0.8706624605678234,0.8979591836734694,0.55,0.682170542635659
125,0.8643533123028391,0.9204545454545454,0.50625,0.6532258064516129
130,0.8675078864353313,0.8877551020408163,0.54375,0.6744186046511628
135,0.8738170347003155,0.8921568627450981,0.56875,0.6946564885496184
140,0.862776025236593,0.8842105263157894,0.525,0.6588235294117647
145,0.8738170347003155,0.9166666666666666,0.55,0.6874999999999999
150,0.8690851735015773,0.9230769230769231,0.525,0.6693227091633466
155,0.8738170347003155,0.9347826086956522,0.5375,0.6825396825396824
160,0.8769716088328076,0.9456521739130435,0.54375,0.6904761904761905
165,0.8690851735015773,0.9325842696629213,0.51875,0.6666666666666666
170,0.8738170347003155,0.925531914893617,0.54375,0.68503937007874
175,0.8738170347003155,0.925531914893617,0.54375,0.68503937007874
180,0.8690851735015773,0.9325842696629213,0.51875,0.6666666666666666
185,0.8722397476340694,0.9072164948453608,0.55,0.6848249027237354
190,0.8753943217665615,0.945054945054945,0.5375,0.6852589641434264
195,0.8832807570977917,0.9387755102040817,0.575,0.7131782945736435
200,0.8706624605678234,0.9431818181818182,0.51875,0.6693548387096776
205,0.8659305993690851,0.8947368421052632,0.53125,0.6666666666666666
210,0.8722397476340694,0.9340659340659341,0.53125,0.6772908366533865
215,0.8643533123028391,0.9204545454545454,0.50625,0.6532258064516129
220,0.862776025236593,0.9294117647058824,0.49375,0.6448979591836734
225,0.8706624605678234,0.9333333333333333,0.525,0.672
230,0.8690851735015773,0.9425287356321839,0.5125,0.6639676113360323
235,0.8706624605678234,0.9431818181818182,0.51875,0.6693548387096776
240,0.8548895899053628,0.925,0.4625,0.6166666666666667
245,0.862776025236593,0.9397590361445783,0.4875,0.6419753086419754
250,0.861198738170347,0.9285714285714286,0.4875,0.6393442622950819
255,0.8690851735015773,0.9325842696629213,0.51875,0.6666666666666666
260,0.8580441640378549,0.926829268292683,0.475,0.628099173553719
265,0.8501577287066246,0.922077922077922,0.44375,0.5991561181434599
270,0.8643533123028391,0.9404761904761905,0.49375,0.6475409836065574
275,0.8722397476340694,0.9438202247191011,0.525,0.674698795180723
280,0.8596214511041009,0.927710843373494,0.48125,0.6337448559670782
285,0.8517350157728707,0.875,0.48125,0.6209677419354839
290,0.8564668769716088,0.9259259259259259,0.46875,0.6224066390041494
295,0.8580441640378549,0.926829268292683,0.475,0.628099173553719
300,0.8517350157728707,0.9342105263157895,0.44375,0.6016949152542372
305,0.8564668769716088,0.9156626506024096,0.475,0.625514403292181
310,0.8533123028391167,0.935064935064935,0.45,0.6075949367088607
315,0.8501577287066246,0.9333333333333333,0.4375,0.5957446808510638
320,0.8533123028391167,0.9240506329113924,0.45625,0.6108786610878661
325,0.8470031545741324,0.9090909090909091,0.4375,0.590717299578059
330,0.8470031545741324,0.9315068493150684,0.425,0.5836909871244635
335,0.8517350157728707,0.9459459459459459,0.4375,0.5982905982905983
340,0.8406940063091483,0.927536231884058,0.4,0.5589519650655022
345,0.8454258675078864,0.9305555555555556,0.41875,0.5775862068965517
350,0.8454258675078864,0.918918918918919,0.425,0.5811965811965812
355,0.8375394321766562,0.9253731343283582,0.3875,0.5462555066079295
360,0.8485804416403786,0.9324324324324325,0.43125,0.5897435897435899
365,0.8454258675078864,0.9305555555555556,0.41875,0.5775862068965517
370,0.8375394321766562,0.9014084507042254,0.4,0.5541125541125541
375,0.8422712933753943,0.9411764705882353,0.4,0.5614035087719298
380,0.8343848580441641,0.9365079365079365,0.36875,0.5291479820627802
385,0.831230283911672,0.9344262295081968,0.35625,0.5158371040723981
390,0.8391167192429022,0.9393939393939394,0.3875,0.5486725663716815
395,0.8359621451104101,0.9375,0.375,0.5357142857142857
400,0.8343848580441641,0.9104477611940298,0.38125,0.5374449339207049
405,0.8359621451104101,0.9375,0.375,0.5357142857142857
410,0.832807570977918,0.9090909090909091,0.375,0.5309734513274336
415,0.8375394321766562,0.9523809523809523,0.375,0.5381165919282511
420,0.8359621451104101,0.9375,0.375,0.5357142857142857
425,0.832807570977918,0.9354838709677419,0.3625,0.5225225225225225
430,0.8343848580441641,0.9230769230769231,0.375,0.5333333333333333
435,0.8296529968454258,0.9333333333333333,0.35,0.5090909090909091
440,0.8343848580441641,0.9230769230769231,0.375,0.5333333333333333
445,0.8264984227129337,0.890625,0.35625,0.5089285714285715
450,0.8296529968454258,0.9193548387096774,0.35625,0.5135135135135135
455,0.8296529968454258,0.9333333333333333,0.35,0.5090909090909091
460,0.831230283911672,0.9344262295081968,0.35625,0.5158371040723981
465,0.831230283911672,0.9344262295081968,0.35625,0.5158371040723981
470,0.8280757097791798,0.9180327868852459,0.35,0.5067873303167421
475,0.8249211356466877,0.9152542372881356,0.3375,0.4931506849315069
