,mini,maxi,mean,std
 Source IP,0.0,3748655616.0,407590016.0,722220160.0
 Source Port,0.0,65534.0,38781.64453125,18353.646484375
 Destination IP,6226432.0,4294967296.0,1641980288.0,1267365248.0
 Destination Port,0.0,65487.0,5551.11083984375,15066.9140625
 Protocol,0.0,17.0,8.269307136535645,4.521425724029541
 Flow Duration,-1.0,119999968.0,10791707.0,22107806.0
 Total Fwd Packets,1.0,22543.0,8.38056755065918,69.57841491699219
 Total Backward Packets,0.0,104309.0,12.358738899230957,213.13575744628906
Total Length of Fwd Packets,0.0,16621769.0,856.8165893554688,28133.533203125
 Total Length of Bwd Packets,0.0,150398496.0,13974.4111328125,306241.9375
 Fwd Packet Length Max,0.0,20272.0,214.2855224609375,405.8093566894531
 Fwd Packet Length Min,0.0,1460.0,12.335687637329102,57.174991607666016
 Fwd Packet Length Mean,0.0,3810.271484375,60.37506103515625,127.53691864013672
 Fwd Packet Length Std,0.0,4672.40185546875,78.94577026367188,160.7665557861328
Bwd Packet Length Max,0.0,13032.0,336.28961181640625,555.2134399414062
 Bwd Packet Length Min,0.0,1460.0,24.376758575439453,68.94645690917969
 Bwd Packet Length Mean,0.0,1460.0,177.41085815429688,323.04925537109375
 Bwd Packet Length Std,0.0,1335.115478515625,127.57827758789062,233.58377075195312
Flow Bytes/s,0.0,176666672.0,97134.046875,1005289.625
 Flow Packets/s,-2000000.0,2000000.0,5835.5771484375,41110.1796875
 Flow IAT Mean,-1.0,119972520.0,2977408.0,8027338.5
 Flow IAT Std,0.0,84831608.0,2454815.75,6380112.5
 Flow IAT Max,-1.0,119972520.0,9262382.0,18331208.0
 Flow IAT Min,-43.0,119972520.0,1837272.25,7313032.5
Fwd IAT Total,0.0,119999952.0,7379791.0,18690906.0
 Fwd IAT Mean,0.0,119972520.0,2999084.5,8525166.0
 Fwd IAT Std,0.0,84831608.0,1919756.0,6169368.0
 Fwd IAT Max,0.0,119972520.0,6027987.0,14494802.0
 Fwd IAT Min,0.0,119972520.0,1880911.625,7634999.5
Bwd IAT Total,0.0,119999848.0,5738790.5,18051520.0
 Bwd IAT Mean,0.0,119849912.0,979525.625,4719755.5
 Bwd IAT Std,0.0,84771424.0,1421786.75,5268469.0
 Bwd IAT Max,0.0,119894488.0,4783325.0,15466230.0
 Bwd IAT Min,0.0,119849912.0,369657.40625,3897490.5
Fwd PSH Flags,0.0,1.0,0.0742877945303917,0.2606785297393799
 Bwd PSH Flags,0.0,0.0,0.0,0.0
 Fwd URG Flags,0.0,0.0,0.0,0.0
 Bwd URG Flags,0.0,0.0,0.0,0.0
 Fwd Header Length,-147876659200.0,20974583808.0,-304125.75,179605328.0
 Bwd Header Length,-223209914368.0,54056415232.0,-518803.09375,312899104.0
Fwd Packets/s,0.0,2000000.0,4686.66064453125,36609.87890625
 Bwd Packets/s,0.0,1000000.0,1152.8072509765625,11142.9169921875
 Min Packet Length,0.0,1452.0,8.247430801391602,22.998178482055664
 Max Packet Length,0.0,20272.0,388.29473876953125,598.4462890625
 Packet Length Mean,0.0,1452.0,121.48857879638672,205.15606689453125
 Packet Length Std,0.0,3078.162841796875,150.47872924804688,232.77464294433594
 Packet Length Variance,0.0,9475086.0,76225.3984375,150975.0625
FIN Flag Count,0.0,1.0,0.015219560824334621,0.12160224467515945
 SYN Flag Count,0.0,1.0,0.0742877945303917,0.2606785297393799
 RST Flag Count,0.0,0.0,0.0,0.0
 PSH Flag Count,0.0,1.0,0.31976786255836487,0.4664217233657837
 ACK Flag Count,0.0,1.0,0.4467296302318573,0.4958677589893341
 URG Flag Count,0.0,1.0,0.2138221561908722,0.4055720269680023
 CWE Flag Count,0.0,0.0,0.0,0.0
 ECE Flag Count,0.0,0.0,0.0,0.0
 Down/Up Ratio,0.0,75.0,0.5908432602882385,0.6582921147346497
 Average Packet Size,0.0,1936.0,133.8761444091797,209.04144287109375
 Avg Fwd Segment Size,0.0,3810.271484375,60.37506103515625,127.53691864013672
 Avg Bwd Segment Size,0.0,1460.0,177.41085815429688,323.04925537109375
 Fwd Header Length.1,-147876659200.0,20974583808.0,-304125.75,179605328.0
Fwd Avg Bytes/Bulk,0.0,0.0,0.0,0.0
 Fwd Avg Packets/Bulk,0.0,0.0,0.0,0.0
 Fwd Avg Bulk Rate,0.0,0.0,0.0,0.0
 Bwd Avg Bytes/Bulk,0.0,0.0,0.0,0.0
 Bwd Avg Packets/Bulk,0.0,0.0,0.0,0.0
Bwd Avg Bulk Rate,0.0,0.0,0.0,0.0
Subflow Fwd Packets,1.0,22543.0,8.38056755065918,69.57841491699219
 Subflow Fwd Bytes,0.0,16621769.0,856.8165893554688,28133.533203125
 Subflow Bwd Packets,0.0,104309.0,12.358738899230957,213.13575744628906
 Subflow Bwd Bytes,0.0,150398496.0,13974.4111328125,306241.9375
Init_Win_bytes_forward,-1.0,65535.0,22541.02734375,30715.091796875
 Init_Win_bytes_backward,-1.0,65535.0,1975.8466796875,8331.08984375
 act_data_pkt_fwd,0.0,11499.0,1.6964908838272095,20.824586868286133
 min_seg_size_forward,-1395063040.0,170524928.0,-7075.9619140625,4542773.0
Active Mean,0.0,107496032.0,154353.53125,895417.8125
 Active Std,0.0,59267492.0,22046.3046875,335529.625
 Active Max,0.0,107496032.0,176182.78125,1064708.75
 Active Min,0.0,107496032.0,136962.203125,839193.4375
Idle Mean,0.0,119970808.0,4125622.75,14457928.0
 Idle Std,0.0,77373024.0,333225.46875,2962885.5
 Idle Max,0.0,119970808.0,4413604.5,15547521.0
 Idle Min,0.0,119970808.0,3869385.5,14159220.0
 Label,0.0,1.0,0.5374821424484253,0.4905812442302704
